[
{
    "model": "home.homepagecarouselitem",
    "pk": 1,
    "fields": {
        "sort_order": 0,
        "link_external": "",
        "link_page": 4,
        "link_document": null,
        "image": 5,
        "embed_url": "",
        "caption": "The Xanana Gusmao Reading Room",
        "description": "Find out why The Reading Room is a much loved community space here in Dili",
        "button_link": "Learn About Us",
        "page": 3
    }
},
{
    "model": "home.homepagecarouselitem",
    "pk": 2,
    "fields": {
        "sort_order": 1,
        "link_external": "",
        "link_page": null,
        "link_document": null,
        "image": null,
        "embed_url": "",
        "caption": "",
        "description": "",
        "button_link": "",
        "page": 3
    }
},
{
    "model": "wagtailimages.rendition",
    "pk": 1,
    "fields": {
        "filter": null,
        "filter_spec": "max-165x165",
        "file": "images/youth_empowerment.max-165x165.png",
        "width": 165,
        "height": 92,
        "focal_point_key": "",
        "image": 20
    }
},
{
    "model": "wagtailimages.rendition",
    "pk": 2,
    "fields": {
        "filter": null,
        "filter_spec": "max-165x165",
        "file": "images/xgrr_training.max-165x165.jpg",
        "width": 165,
        "height": 165,
        "focal_point_key": "",
        "image": 18
    }
},
{
    "model": "wagtailimages.rendition",
    "pk": 3,
    "fields": {
        "filter": null,
        "filter_spec": "max-165x165",
        "file": "images/xgrr_history.max-165x165.jpg",
        "width": 165,
        "height": 165,
        "focal_point_key": "",
        "image": 17
    }
},
{
    "model": "wagtailimages.rendition",
    "pk": 4,
    "fields": {
        "filter": null,
        "filter_spec": "max-165x165",
        "file": "images/smaller-xgrr-logo.max-165x165.png",
        "width": 36,
        "height": 60,
        "focal_point_key": "",
        "image": 13
    }
},
{
    "model": "wagtailimages.rendition",
    "pk": 5,
    "fields": {
        "filter": null,
        "filter_spec": "max-165x165",
        "file": "images/reading_room.max-165x165.jpg",
        "width": 165,
        "height": 157,
        "focal_point_key": "",
        "image": 12
    }
},
{
    "model": "wagtailimages.rendition",
    "pk": 6,
    "fields": {
        "filter": null,
        "filter_spec": "max-165x165",
        "file": "images/reading_room_square.max-165x165.jpg",
        "width": 165,
        "height": 165,
        "focal_point_key": "",
        "image": 11
    }
},
{
    "model": "wagtailimages.rendition",
    "pk": 7,
    "fields": {
        "filter": null,
        "filter_spec": "max-165x165",
        "file": "images/national_youth_day.max-165x165.jpg",
        "width": 165,
        "height": 115,
        "focal_point_key": "",
        "image": 10
    }
},
{
    "model": "wagtailimages.rendition",
    "pk": 8,
    "fields": {
        "filter": null,
        "filter_spec": "max-165x165",
        "file": "images/learn_more.max-165x165.png",
        "width": 20,
        "height": 20,
        "focal_point_key": "",
        "image": 9
    }
},
{
    "model": "wagtailimages.rendition",
    "pk": 9,
    "fields": {
        "filter": null,
        "filter_spec": "max-165x165",
        "file": "images/janela_oval_vista_de_canto.max-165x165.jpg",
        "width": 165,
        "height": 110,
        "focal_point_key": "",
        "image": 8
    }
},
{
    "model": "wagtailimages.rendition",
    "pk": 10,
    "fields": {
        "filter": null,
        "filter_spec": "max-165x165",
        "file": "images/inside_the_library.max-165x165.jpg",
        "width": 165,
        "height": 110,
        "focal_point_key": "",
        "image": 7
    }
},
{
    "model": "wagtailimages.rendition",
    "pk": 11,
    "fields": {
        "filter": null,
        "filter_spec": "max-165x165",
        "file": "images/estantes_com_livros.max-165x165.jpg",
        "width": 165,
        "height": 92,
        "focal_point_key": "",
        "image": 6
    }
},
{
    "model": "wagtailimages.rendition",
    "pk": 12,
    "fields": {
        "filter": null,
        "filter_spec": "max-165x165",
        "file": "images/entrada.max-165x165.jpg",
        "width": 165,
        "height": 110,
        "focal_point_key": "",
        "image": 5
    }
},
{
    "model": "wagtailimages.rendition",
    "pk": 13,
    "fields": {
        "filter": null,
        "filter_spec": "width-1000",
        "file": "images/entrada.width-1000.jpg",
        "width": 1000,
        "height": 666,
        "focal_point_key": "",
        "image": 5
    }
},
{
    "model": "wagtailcore.site",
    "pk": 2,
    "fields": {
        "hostname": "localhost",
        "port": 8001,
        "site_name": "",
        "root_page": 3,
        "is_default_site": true
    }
},
{
    "model": "wagtailcore.collection",
    "pk": 1,
    "fields": {
        "path": "0001",
        "depth": 1,
        "numchild": 0,
        "name": "Root"
    }
},
{
    "model": "auth.group",
    "pk": 1,
    "fields": {
        "name": "Moderators",
        "permissions": [
            [
                "access_admin",
                "wagtailadmin",
                "admin"
            ],
            [
                "add_document",
                "wagtaildocs",
                "document"
            ],
            [
                "change_document",
                "wagtaildocs",
                "document"
            ],
            [
                "delete_document",
                "wagtaildocs",
                "document"
            ],
            [
                "add_image",
                "wagtailimages",
                "image"
            ],
            [
                "change_image",
                "wagtailimages",
                "image"
            ],
            [
                "delete_image",
                "wagtailimages",
                "image"
            ]
        ]
    }
},
{
    "model": "auth.group",
    "pk": 2,
    "fields": {
        "name": "Editors",
        "permissions": [
            [
                "access_admin",
                "wagtailadmin",
                "admin"
            ],
            [
                "add_document",
                "wagtaildocs",
                "document"
            ],
            [
                "change_document",
                "wagtaildocs",
                "document"
            ],
            [
                "delete_document",
                "wagtaildocs",
                "document"
            ],
            [
                "add_image",
                "wagtailimages",
                "image"
            ],
            [
                "change_image",
                "wagtailimages",
                "image"
            ],
            [
                "delete_image",
                "wagtailimages",
                "image"
            ]
        ]
    }
},
{
    "model": "auth.user",
    "pk": 1,
    "fields": {
        "password": "pbkdf2_sha256$30000$cgS4KhpGs8BR$8sYYK5B6nBlNLwdwxFXYLdJH97FaADJm5f/I5268y58=",
        "last_login": "2017-01-21T15:25:33.184Z",
        "is_superuser": true,
        "username": "admin1",
        "first_name": "",
        "last_name": "",
        "email": "admin1@admin1.com",
        "is_staff": true,
        "is_active": true,
        "date_joined": "2017-01-20T00:40:23.307Z",
        "groups": [],
        "user_permissions": []
    }
},
{
    "model": "wagtailcore.groupcollectionpermission",
    "pk": 1,
    "fields": {
        "group": [
            "Editors"
        ],
        "collection": 1,
        "permission": [
            "add_document",
            "wagtaildocs",
            "document"
        ]
    }
},
{
    "model": "wagtailcore.groupcollectionpermission",
    "pk": 2,
    "fields": {
        "group": [
            "Moderators"
        ],
        "collection": 1,
        "permission": [
            "add_document",
            "wagtaildocs",
            "document"
        ]
    }
},
{
    "model": "wagtailcore.groupcollectionpermission",
    "pk": 3,
    "fields": {
        "group": [
            "Editors"
        ],
        "collection": 1,
        "permission": [
            "change_document",
            "wagtaildocs",
            "document"
        ]
    }
},
{
    "model": "wagtailcore.groupcollectionpermission",
    "pk": 4,
    "fields": {
        "group": [
            "Moderators"
        ],
        "collection": 1,
        "permission": [
            "change_document",
            "wagtaildocs",
            "document"
        ]
    }
},
{
    "model": "wagtailcore.groupcollectionpermission",
    "pk": 5,
    "fields": {
        "group": [
            "Editors"
        ],
        "collection": 1,
        "permission": [
            "add_image",
            "wagtailimages",
            "image"
        ]
    }
},
{
    "model": "wagtailcore.groupcollectionpermission",
    "pk": 6,
    "fields": {
        "group": [
            "Moderators"
        ],
        "collection": 1,
        "permission": [
            "add_image",
            "wagtailimages",
            "image"
        ]
    }
},
{
    "model": "wagtailcore.groupcollectionpermission",
    "pk": 7,
    "fields": {
        "group": [
            "Editors"
        ],
        "collection": 1,
        "permission": [
            "change_image",
            "wagtailimages",
            "image"
        ]
    }
},
{
    "model": "wagtailcore.groupcollectionpermission",
    "pk": 8,
    "fields": {
        "group": [
            "Moderators"
        ],
        "collection": 1,
        "permission": [
            "change_image",
            "wagtailimages",
            "image"
        ]
    }
},
{
    "model": "wagtailcore.grouppagepermission",
    "pk": 1,
    "fields": {
        "group": [
            "Moderators"
        ],
        "page": 1,
        "permission_type": "add"
    }
},
{
    "model": "wagtailcore.grouppagepermission",
    "pk": 2,
    "fields": {
        "group": [
            "Moderators"
        ],
        "page": 1,
        "permission_type": "edit"
    }
},
{
    "model": "wagtailcore.grouppagepermission",
    "pk": 3,
    "fields": {
        "group": [
            "Moderators"
        ],
        "page": 1,
        "permission_type": "publish"
    }
},
{
    "model": "wagtailcore.grouppagepermission",
    "pk": 4,
    "fields": {
        "group": [
            "Editors"
        ],
        "page": 1,
        "permission_type": "add"
    }
},
{
    "model": "wagtailcore.grouppagepermission",
    "pk": 5,
    "fields": {
        "group": [
            "Editors"
        ],
        "page": 1,
        "permission_type": "edit"
    }
},
{
    "model": "wagtailcore.grouppagepermission",
    "pk": 6,
    "fields": {
        "group": [
            "Moderators"
        ],
        "page": 1,
        "permission_type": "lock"
    }
},
{
    "model": "wagtailcore.pagerevision",
    "pk": 1,
    "fields": {
        "page": 4,
        "submitted_for_moderation": false,
        "created_at": "2017-01-20T00:41:14.737Z",
        "user": [
            "admin1"
        ],
        "content_json": "{\"body\": \"<p>About Page<br/></p>\", \"locked\": false, \"title\": \"About Page\", \"numchild\": 0, \"show_in_menus\": false, \"live\": false, \"seo_title\": \"\", \"search_description\": \"\", \"depth\": 2, \"latest_revision_created_at\": null, \"has_unpublished_changes\": false, \"content_type\": 6, \"path\": \"00010002\", \"owner\": 1, \"pk\": 4, \"first_published_at\": null, \"url_path\": \"/about-page/\", \"expired\": false, \"slug\": \"about-page\", \"expire_at\": null, \"go_live_at\": null}",
        "approved_go_live_at": null
    }
},
{
    "model": "wagtailcore.pagerevision",
    "pk": 2,
    "fields": {
        "page": 5,
        "submitted_for_moderation": false,
        "created_at": "2017-01-20T00:41:51.039Z",
        "user": [
            "admin1"
        ],
        "content_json": "{\"body\": \"<p>Contact Us<br/></p>\", \"locked\": false, \"title\": \"Contact Us\", \"numchild\": 0, \"show_in_menus\": false, \"live\": false, \"seo_title\": \"\", \"search_description\": \"\", \"depth\": 2, \"latest_revision_created_at\": null, \"has_unpublished_changes\": false, \"content_type\": 7, \"path\": \"00010003\", \"owner\": 1, \"pk\": 5, \"first_published_at\": null, \"url_path\": \"/contact-us/\", \"expired\": false, \"slug\": \"contact-us\", \"expire_at\": null, \"go_live_at\": null}",
        "approved_go_live_at": null
    }
},
{
    "model": "wagtailcore.pagerevision",
    "pk": 3,
    "fields": {
        "page": 6,
        "submitted_for_moderation": false,
        "created_at": "2017-01-20T00:43:25.112Z",
        "user": [
            "admin1"
        ],
        "content_json": "{\"body\": \"<p>Library Page<br/></p>\", \"locked\": false, \"title\": \"Library Page\", \"numchild\": 0, \"show_in_menus\": false, \"live\": false, \"seo_title\": \"\", \"search_description\": \"\", \"depth\": 2, \"latest_revision_created_at\": null, \"has_unpublished_changes\": false, \"content_type\": 8, \"path\": \"00010004\", \"owner\": 1, \"pk\": 6, \"first_published_at\": null, \"url_path\": \"/library-page/\", \"expired\": false, \"slug\": \"library-page\", \"expire_at\": null, \"go_live_at\": null}",
        "approved_go_live_at": null
    }
},
{
    "model": "wagtailcore.pagerevision",
    "pk": 4,
    "fields": {
        "page": 7,
        "submitted_for_moderation": false,
        "created_at": "2017-01-20T00:43:51.567Z",
        "user": [
            "admin1"
        ],
        "content_json": "{\"body\": \"<p>Museum Page<br/></p>\", \"locked\": false, \"title\": \"Museum Page\", \"numchild\": 0, \"show_in_menus\": false, \"live\": false, \"seo_title\": \"\", \"search_description\": \"\", \"depth\": 2, \"latest_revision_created_at\": null, \"has_unpublished_changes\": false, \"content_type\": 9, \"path\": \"00010005\", \"owner\": 1, \"pk\": 7, \"first_published_at\": null, \"url_path\": \"/museum-page/\", \"expired\": false, \"slug\": \"museum-page\", \"expire_at\": null, \"go_live_at\": null}",
        "approved_go_live_at": null
    }
},
{
    "model": "wagtailcore.pagerevision",
    "pk": 5,
    "fields": {
        "page": 8,
        "submitted_for_moderation": false,
        "created_at": "2017-01-20T00:44:22.754Z",
        "user": [
            "admin1"
        ],
        "content_json": "{\"body\": \"<p>Support Page</p>\", \"locked\": false, \"title\": \"Support Page\", \"numchild\": 0, \"show_in_menus\": false, \"live\": false, \"seo_title\": \"\", \"search_description\": \"\", \"depth\": 2, \"latest_revision_created_at\": null, \"has_unpublished_changes\": false, \"content_type\": 10, \"path\": \"00010006\", \"owner\": 1, \"pk\": 8, \"first_published_at\": null, \"url_path\": \"/support-page/\", \"expired\": false, \"slug\": \"support-page\", \"expire_at\": null, \"go_live_at\": null}",
        "approved_go_live_at": null
    }
},
{
    "model": "wagtailcore.pagerevision",
    "pk": 6,
    "fields": {
        "page": 6,
        "submitted_for_moderation": false,
        "created_at": "2017-01-20T00:46:15.265Z",
        "user": [
            "admin1"
        ],
        "content_json": "{\"body\": \"<p>Library Page<br/></p>\", \"locked\": false, \"title\": \"Library Page\", \"numchild\": 0, \"show_in_menus\": false, \"live\": false, \"seo_title\": \"\", \"search_description\": \"\", \"depth\": 2, \"latest_revision_created_at\": \"2017-01-20T00:43:25.112Z\", \"has_unpublished_changes\": true, \"content_type\": 8, \"path\": \"00010004\", \"owner\": 1, \"pk\": 6, \"first_published_at\": null, \"url_path\": \"/library-page/\", \"expired\": false, \"slug\": \"library\", \"expire_at\": null, \"go_live_at\": null}",
        "approved_go_live_at": null
    }
},
{
    "model": "wagtailcore.pagerevision",
    "pk": 7,
    "fields": {
        "page": 6,
        "submitted_for_moderation": false,
        "created_at": "2017-01-20T00:47:46.549Z",
        "user": [
            "admin1"
        ],
        "content_json": "{\"body\": \"<p>Library Page<br/></p>\", \"locked\": false, \"title\": \"Library Page\", \"numchild\": 0, \"show_in_menus\": false, \"live\": false, \"seo_title\": \"\", \"search_description\": \"\", \"depth\": 2, \"latest_revision_created_at\": \"2017-01-20T00:46:15.265Z\", \"has_unpublished_changes\": true, \"content_type\": 8, \"path\": \"00010004\", \"owner\": 1, \"pk\": 6, \"first_published_at\": null, \"url_path\": \"/library/\", \"expired\": false, \"slug\": \"library\", \"expire_at\": null, \"go_live_at\": null}",
        "approved_go_live_at": null
    }
},
{
    "model": "wagtailcore.pagerevision",
    "pk": 8,
    "fields": {
        "page": 8,
        "submitted_for_moderation": false,
        "created_at": "2017-01-20T00:49:08.939Z",
        "user": [
            "admin1"
        ],
        "content_json": "{\"body\": \"<p>Support Page</p>\", \"locked\": false, \"title\": \"Support Page\", \"numchild\": 0, \"show_in_menus\": false, \"live\": false, \"seo_title\": \"\", \"search_description\": \"\", \"depth\": 2, \"latest_revision_created_at\": \"2017-01-20T00:44:22.754Z\", \"has_unpublished_changes\": true, \"content_type\": 10, \"path\": \"00010006\", \"owner\": 1, \"pk\": 8, \"first_published_at\": null, \"url_path\": \"/support-page/\", \"expired\": false, \"slug\": \"support-page\", \"expire_at\": null, \"go_live_at\": null}",
        "approved_go_live_at": null
    }
},
{
    "model": "wagtailcore.pagerevision",
    "pk": 9,
    "fields": {
        "page": 8,
        "submitted_for_moderation": false,
        "created_at": "2017-01-20T00:49:13.158Z",
        "user": [
            "admin1"
        ],
        "content_json": "{\"body\": \"<p>Support Page</p>\", \"locked\": false, \"title\": \"Support Page\", \"numchild\": 0, \"show_in_menus\": false, \"live\": false, \"seo_title\": \"\", \"search_description\": \"\", \"depth\": 2, \"latest_revision_created_at\": \"2017-01-20T00:49:08.939Z\", \"has_unpublished_changes\": true, \"content_type\": 10, \"path\": \"00010006\", \"owner\": 1, \"pk\": 8, \"first_published_at\": null, \"url_path\": \"/support-page/\", \"expired\": false, \"slug\": \"support-page\", \"expire_at\": null, \"go_live_at\": null}",
        "approved_go_live_at": null
    }
},
{
    "model": "wagtailcore.pagerevision",
    "pk": 10,
    "fields": {
        "page": 7,
        "submitted_for_moderation": false,
        "created_at": "2017-01-20T00:49:22.488Z",
        "user": [
            "admin1"
        ],
        "content_json": "{\"body\": \"<p>Museum Page<br/></p>\", \"locked\": false, \"title\": \"Museum Page\", \"numchild\": 0, \"show_in_menus\": false, \"live\": false, \"seo_title\": \"\", \"search_description\": \"\", \"depth\": 2, \"latest_revision_created_at\": \"2017-01-20T00:43:51.567Z\", \"has_unpublished_changes\": true, \"content_type\": 9, \"path\": \"00010005\", \"owner\": 1, \"pk\": 7, \"first_published_at\": null, \"url_path\": \"/museum-page/\", \"expired\": false, \"slug\": \"museum-page\", \"expire_at\": null, \"go_live_at\": null}",
        "approved_go_live_at": null
    }
},
{
    "model": "wagtailcore.pagerevision",
    "pk": 11,
    "fields": {
        "page": 5,
        "submitted_for_moderation": false,
        "created_at": "2017-01-20T00:49:32.343Z",
        "user": [
            "admin1"
        ],
        "content_json": "{\"body\": \"<p>Contact Us<br/></p>\", \"locked\": false, \"title\": \"Contact Us\", \"numchild\": 0, \"show_in_menus\": false, \"live\": false, \"seo_title\": \"\", \"search_description\": \"\", \"depth\": 2, \"latest_revision_created_at\": \"2017-01-20T00:41:51.039Z\", \"has_unpublished_changes\": true, \"content_type\": 7, \"path\": \"00010003\", \"owner\": 1, \"pk\": 5, \"first_published_at\": null, \"url_path\": \"/contact-us/\", \"expired\": false, \"slug\": \"contact-us\", \"expire_at\": null, \"go_live_at\": null}",
        "approved_go_live_at": null
    }
},
{
    "model": "wagtailcore.pagerevision",
    "pk": 12,
    "fields": {
        "page": 4,
        "submitted_for_moderation": false,
        "created_at": "2017-01-20T00:49:41.054Z",
        "user": [
            "admin1"
        ],
        "content_json": "{\"body\": \"<p>About Page<br/></p>\", \"locked\": false, \"title\": \"About Page\", \"numchild\": 0, \"show_in_menus\": false, \"live\": false, \"seo_title\": \"\", \"search_description\": \"\", \"depth\": 2, \"latest_revision_created_at\": \"2017-01-20T00:41:14.737Z\", \"has_unpublished_changes\": true, \"content_type\": 6, \"path\": \"00010002\", \"owner\": 1, \"pk\": 4, \"first_published_at\": null, \"url_path\": \"/about-page/\", \"expired\": false, \"slug\": \"about-page\", \"expire_at\": null, \"go_live_at\": null}",
        "approved_go_live_at": null
    }
},
{
    "model": "wagtailcore.pagerevision",
    "pk": 13,
    "fields": {
        "page": 7,
        "submitted_for_moderation": false,
        "created_at": "2017-01-20T00:51:43.383Z",
        "user": [
            "admin1"
        ],
        "content_json": "{\"body\": \"<p>Museum Page<br/></p>\", \"locked\": false, \"title\": \"Museum Page\", \"numchild\": 0, \"show_in_menus\": true, \"live\": true, \"seo_title\": \"\", \"search_description\": \"\", \"depth\": 2, \"latest_revision_created_at\": \"2017-01-20T00:49:22.488Z\", \"has_unpublished_changes\": false, \"content_type\": 9, \"path\": \"00010005\", \"owner\": 1, \"pk\": 7, \"first_published_at\": \"2017-01-20T00:49:22.573Z\", \"url_path\": \"/museum-page/\", \"expired\": false, \"slug\": \"museum-page\", \"expire_at\": null, \"go_live_at\": null}",
        "approved_go_live_at": null
    }
},
{
    "model": "wagtailcore.pagerevision",
    "pk": 14,
    "fields": {
        "page": 6,
        "submitted_for_moderation": false,
        "created_at": "2017-01-20T00:58:23.744Z",
        "user": [
            "admin1"
        ],
        "content_json": "{\"body\": \"<p>Library Page<br/></p>\", \"locked\": false, \"title\": \"Library Page\", \"numchild\": 0, \"show_in_menus\": false, \"live\": true, \"seo_title\": \"\", \"search_description\": \"\", \"depth\": 2, \"latest_revision_created_at\": \"2017-01-20T00:47:46.549Z\", \"has_unpublished_changes\": false, \"content_type\": 8, \"path\": \"00010004\", \"owner\": 1, \"pk\": 6, \"first_published_at\": \"2017-01-20T00:47:46.729Z\", \"url_path\": \"/library/\", \"expired\": false, \"slug\": \"library\", \"expire_at\": null, \"go_live_at\": null}",
        "approved_go_live_at": null
    }
},
{
    "model": "wagtailcore.pagerevision",
    "pk": 15,
    "fields": {
        "page": 6,
        "submitted_for_moderation": false,
        "created_at": "2017-01-20T00:59:35.535Z",
        "user": [
            "admin1"
        ],
        "content_json": "{\"body\": \"<p>Library Page<br/></p>\", \"locked\": false, \"title\": \"Library Page\", \"numchild\": 0, \"show_in_menus\": false, \"live\": true, \"seo_title\": \"\", \"search_description\": \"\", \"depth\": 2, \"latest_revision_created_at\": \"2017-01-20T00:58:23.744Z\", \"has_unpublished_changes\": true, \"content_type\": 8, \"path\": \"00010004\", \"owner\": 1, \"pk\": 6, \"first_published_at\": \"2017-01-20T00:47:46.729Z\", \"url_path\": \"/library/\", \"expired\": false, \"slug\": \"library\", \"expire_at\": null, \"go_live_at\": null}",
        "approved_go_live_at": null
    }
},
{
    "model": "wagtailcore.pagerevision",
    "pk": 16,
    "fields": {
        "page": 8,
        "submitted_for_moderation": false,
        "created_at": "2017-01-20T01:02:16.925Z",
        "user": [
            "admin1"
        ],
        "content_json": "{\"body\": \"<p>Support Page</p>\", \"locked\": false, \"title\": \"Support Page\", \"numchild\": 0, \"show_in_menus\": false, \"live\": false, \"seo_title\": \"\", \"search_description\": \"\", \"depth\": 2, \"latest_revision_created_at\": \"2017-01-20T00:49:13.158Z\", \"has_unpublished_changes\": true, \"content_type\": 10, \"path\": \"00010006\", \"owner\": 1, \"pk\": 8, \"first_published_at\": \"2017-01-20T00:49:13.241Z\", \"url_path\": \"/support-page/\", \"expired\": false, \"slug\": \"support-page\", \"expire_at\": null, \"go_live_at\": null}",
        "approved_go_live_at": null
    }
},
{
    "model": "wagtailcore.pagerevision",
    "pk": 17,
    "fields": {
        "page": 8,
        "submitted_for_moderation": false,
        "created_at": "2017-01-20T01:02:57.896Z",
        "user": [
            "admin1"
        ],
        "content_json": "{\"body\": \"<p>Support Page</p>\", \"locked\": false, \"title\": \"Support Page\", \"numchild\": 0, \"show_in_menus\": true, \"live\": false, \"seo_title\": \"\", \"search_description\": \"\", \"depth\": 2, \"latest_revision_created_at\": \"2017-01-20T01:02:16.925Z\", \"has_unpublished_changes\": true, \"content_type\": 10, \"path\": \"00010006\", \"owner\": 1, \"pk\": 8, \"first_published_at\": \"2017-01-20T00:49:13.241Z\", \"url_path\": \"/support-page/\", \"expired\": false, \"slug\": \"support\", \"expire_at\": null, \"go_live_at\": null}",
        "approved_go_live_at": null
    }
},
{
    "model": "wagtailcore.pagerevision",
    "pk": 18,
    "fields": {
        "page": 6,
        "submitted_for_moderation": false,
        "created_at": "2017-01-20T01:06:32.360Z",
        "user": [
            "admin1"
        ],
        "content_json": "{\"body\": \"<p>Library Page<br/></p>\", \"locked\": false, \"title\": \"Library Page\", \"numchild\": 0, \"show_in_menus\": true, \"live\": false, \"seo_title\": \"\", \"search_description\": \"\", \"depth\": 3, \"latest_revision_created_at\": \"2017-01-20T00:59:35.535Z\", \"has_unpublished_changes\": true, \"content_type\": 8, \"path\": \"000100010002\", \"owner\": 1, \"pk\": 6, \"first_published_at\": \"2017-01-20T00:47:46.729Z\", \"url_path\": \"/home/library/\", \"expired\": false, \"slug\": \"library\", \"expire_at\": null, \"go_live_at\": null}",
        "approved_go_live_at": null
    }
},
{
    "model": "wagtailcore.pagerevision",
    "pk": 19,
    "fields": {
        "page": 7,
        "submitted_for_moderation": false,
        "created_at": "2017-01-20T01:06:46.856Z",
        "user": [
            "admin1"
        ],
        "content_json": "{\"body\": \"<p>Museum Page<br/></p>\", \"locked\": false, \"title\": \"Museum Page\", \"numchild\": 0, \"show_in_menus\": true, \"live\": true, \"seo_title\": \"\", \"search_description\": \"\", \"depth\": 3, \"latest_revision_created_at\": \"2017-01-20T00:51:43.383Z\", \"has_unpublished_changes\": false, \"content_type\": 9, \"path\": \"000100010001\", \"owner\": 1, \"pk\": 7, \"first_published_at\": \"2017-01-20T00:49:22.573Z\", \"url_path\": \"/home/museum-page/\", \"expired\": false, \"slug\": \"museum\", \"expire_at\": null, \"go_live_at\": null}",
        "approved_go_live_at": null
    }
},
{
    "model": "wagtailcore.pagerevision",
    "pk": 20,
    "fields": {
        "page": 4,
        "submitted_for_moderation": false,
        "created_at": "2017-01-20T01:07:04.448Z",
        "user": [
            "admin1"
        ],
        "content_json": "{\"body\": \"<p>About Page<br/></p>\", \"locked\": false, \"title\": \"About Page\", \"numchild\": 0, \"show_in_menus\": true, \"live\": false, \"seo_title\": \"\", \"search_description\": \"\", \"depth\": 3, \"latest_revision_created_at\": \"2017-01-20T00:49:41.054Z\", \"has_unpublished_changes\": true, \"content_type\": 6, \"path\": \"000100010005\", \"owner\": 1, \"pk\": 4, \"first_published_at\": \"2017-01-20T00:49:41.132Z\", \"url_path\": \"/home/about-page/\", \"expired\": false, \"slug\": \"about\", \"expire_at\": null, \"go_live_at\": null}",
        "approved_go_live_at": null
    }
},
{
    "model": "wagtailcore.pagerevision",
    "pk": 21,
    "fields": {
        "page": 5,
        "submitted_for_moderation": false,
        "created_at": "2017-01-20T01:07:18.833Z",
        "user": [
            "admin1"
        ],
        "content_json": "{\"body\": \"<p>Contact Us<br/></p>\", \"locked\": false, \"title\": \"Contact Us\", \"numchild\": 0, \"show_in_menus\": true, \"live\": true, \"seo_title\": \"\", \"search_description\": \"\", \"depth\": 3, \"latest_revision_created_at\": \"2017-01-20T00:49:32.343Z\", \"has_unpublished_changes\": false, \"content_type\": 7, \"path\": \"000100010003\", \"owner\": 1, \"pk\": 5, \"first_published_at\": \"2017-01-20T00:49:32.443Z\", \"url_path\": \"/home/contact-us/\", \"expired\": false, \"slug\": \"contact\", \"expire_at\": null, \"go_live_at\": null}",
        "approved_go_live_at": null
    }
},
{
    "model": "wagtailcore.pagerevision",
    "pk": 22,
    "fields": {
        "page": 5,
        "submitted_for_moderation": false,
        "created_at": "2017-01-20T01:07:25.937Z",
        "user": [
            "admin1"
        ],
        "content_json": "{\"body\": \"<p>Contact Us<br/></p>\", \"locked\": false, \"title\": \"Contact Us\", \"numchild\": 0, \"show_in_menus\": true, \"live\": true, \"seo_title\": \"\", \"search_description\": \"\", \"depth\": 3, \"latest_revision_created_at\": \"2017-01-20T01:07:18.833Z\", \"has_unpublished_changes\": true, \"content_type\": 7, \"path\": \"000100010003\", \"owner\": 1, \"pk\": 5, \"first_published_at\": \"2017-01-20T00:49:32.443Z\", \"url_path\": \"/home/contact/\", \"expired\": false, \"slug\": \"contact\", \"expire_at\": null, \"go_live_at\": null}",
        "approved_go_live_at": null
    }
},
{
    "model": "wagtailcore.pagerevision",
    "pk": 23,
    "fields": {
        "page": 8,
        "submitted_for_moderation": false,
        "created_at": "2017-01-20T01:07:37.103Z",
        "user": [
            "admin1"
        ],
        "content_json": "{\"body\": \"<p>Support Page</p>\", \"locked\": false, \"title\": \"Support Page\", \"numchild\": 0, \"show_in_menus\": true, \"live\": false, \"seo_title\": \"\", \"search_description\": \"\", \"depth\": 3, \"latest_revision_created_at\": \"2017-01-20T01:02:57.896Z\", \"has_unpublished_changes\": true, \"content_type\": 10, \"path\": \"000100010004\", \"owner\": 1, \"pk\": 8, \"first_published_at\": \"2017-01-20T00:49:13.241Z\", \"url_path\": \"/home/support/\", \"expired\": false, \"slug\": \"support\", \"expire_at\": null, \"go_live_at\": null}",
        "approved_go_live_at": null
    }
},
{
    "model": "wagtailcore.pagerevision",
    "pk": 24,
    "fields": {
        "page": 8,
        "submitted_for_moderation": false,
        "created_at": "2017-01-20T01:28:16.004Z",
        "user": [
            "admin1"
        ],
        "content_json": "{\"body\": \"<p>Support Page</p>\", \"locked\": false, \"title\": \"Support\", \"numchild\": 0, \"show_in_menus\": true, \"live\": true, \"seo_title\": \"\", \"search_description\": \"\", \"depth\": 3, \"latest_revision_created_at\": \"2017-01-20T01:07:37.103Z\", \"has_unpublished_changes\": false, \"content_type\": 10, \"path\": \"000100010004\", \"owner\": 1, \"pk\": 8, \"first_published_at\": \"2017-01-20T00:49:13.241Z\", \"url_path\": \"/home/support/\", \"expired\": false, \"slug\": \"support\", \"expire_at\": null, \"go_live_at\": null}",
        "approved_go_live_at": null
    }
},
{
    "model": "wagtailcore.pagerevision",
    "pk": 25,
    "fields": {
        "page": 4,
        "submitted_for_moderation": false,
        "created_at": "2017-01-20T01:28:30.666Z",
        "user": [
            "admin1"
        ],
        "content_json": "{\"body\": \"<p>About Page<br/></p>\", \"locked\": false, \"title\": \"About Us\", \"numchild\": 0, \"show_in_menus\": true, \"live\": true, \"seo_title\": \"\", \"search_description\": \"\", \"depth\": 3, \"latest_revision_created_at\": \"2017-01-20T01:07:04.448Z\", \"has_unpublished_changes\": false, \"content_type\": 6, \"path\": \"000100010005\", \"owner\": 1, \"pk\": 4, \"first_published_at\": \"2017-01-20T00:49:41.132Z\", \"url_path\": \"/home/about/\", \"expired\": false, \"slug\": \"about\", \"expire_at\": null, \"go_live_at\": null}",
        "approved_go_live_at": null
    }
},
{
    "model": "wagtailcore.pagerevision",
    "pk": 26,
    "fields": {
        "page": 7,
        "submitted_for_moderation": false,
        "created_at": "2017-01-20T01:28:44.396Z",
        "user": [
            "admin1"
        ],
        "content_json": "{\"body\": \"<p>Museum Page<br/></p>\", \"locked\": false, \"title\": \"Museum\", \"numchild\": 0, \"show_in_menus\": true, \"live\": true, \"seo_title\": \"\", \"search_description\": \"\", \"depth\": 3, \"latest_revision_created_at\": \"2017-01-20T01:06:46.856Z\", \"has_unpublished_changes\": false, \"content_type\": 9, \"path\": \"000100010001\", \"owner\": 1, \"pk\": 7, \"first_published_at\": \"2017-01-20T00:49:22.573Z\", \"url_path\": \"/home/museum/\", \"expired\": false, \"slug\": \"museum\", \"expire_at\": null, \"go_live_at\": null}",
        "approved_go_live_at": null
    }
},
{
    "model": "wagtailcore.pagerevision",
    "pk": 27,
    "fields": {
        "page": 6,
        "submitted_for_moderation": false,
        "created_at": "2017-01-20T01:28:56.381Z",
        "user": [
            "admin1"
        ],
        "content_json": "{\"body\": \"<p>Library Page<br/></p>\", \"locked\": false, \"title\": \"Library\", \"numchild\": 0, \"show_in_menus\": true, \"live\": true, \"seo_title\": \"\", \"search_description\": \"\", \"depth\": 3, \"latest_revision_created_at\": \"2017-01-20T01:06:32.360Z\", \"has_unpublished_changes\": false, \"content_type\": 8, \"path\": \"000100010002\", \"owner\": 1, \"pk\": 6, \"first_published_at\": \"2017-01-20T00:47:46.729Z\", \"url_path\": \"/home/library/\", \"expired\": false, \"slug\": \"library\", \"expire_at\": null, \"go_live_at\": null}",
        "approved_go_live_at": null
    }
},
{
    "model": "wagtailcore.pagerevision",
    "pk": 28,
    "fields": {
        "page": 9,
        "submitted_for_moderation": false,
        "created_at": "2017-01-20T01:39:49.260Z",
        "user": [
            "admin1"
        ],
        "content_json": "{\"body\": \"<p>Library</p>\", \"locked\": false, \"title\": \"About The Library\", \"numchild\": 0, \"show_in_menus\": true, \"live\": true, \"seo_title\": \"About The Library\", \"search_description\": \"\", \"depth\": 4, \"latest_revision_created_at\": null, \"has_unpublished_changes\": false, \"content_type\": 35, \"path\": \"0001000100020001\", \"owner\": 1, \"pk\": 9, \"first_published_at\": null, \"url_path\": \"/home/library/about-library/\", \"expired\": false, \"slug\": \"about-library\", \"expire_at\": null, \"go_live_at\": null}",
        "approved_go_live_at": null
    }
},
{
    "model": "wagtailcore.pagerevision",
    "pk": 29,
    "fields": {
        "page": 10,
        "submitted_for_moderation": false,
        "created_at": "2017-01-20T01:43:24.503Z",
        "user": [
            "admin1"
        ],
        "content_json": "{\"body\": \"<p>Events</p>\", \"locked\": false, \"title\": \"Events\", \"numchild\": 0, \"show_in_menus\": true, \"live\": true, \"seo_title\": \"Events\", \"search_description\": \"\", \"depth\": 4, \"latest_revision_created_at\": null, \"has_unpublished_changes\": false, \"content_type\": 39, \"path\": \"0001000100020002\", \"owner\": 1, \"pk\": 10, \"first_published_at\": null, \"url_path\": \"/home/library/events/\", \"expired\": false, \"slug\": \"events\", \"expire_at\": null, \"go_live_at\": null}",
        "approved_go_live_at": null
    }
},
{
    "model": "wagtailcore.pagerevision",
    "pk": 30,
    "fields": {
        "page": 11,
        "submitted_for_moderation": false,
        "created_at": "2017-01-20T01:45:40.615Z",
        "user": [
            "admin1"
        ],
        "content_json": "{\"body\": \"<p>About The Museum<br/></p>\", \"locked\": false, \"title\": \"About The Museum\", \"numchild\": 0, \"show_in_menus\": false, \"live\": true, \"seo_title\": \"\", \"search_description\": \"\", \"depth\": 4, \"latest_revision_created_at\": null, \"has_unpublished_changes\": false, \"content_type\": 43, \"path\": \"0001000100010001\", \"owner\": 1, \"pk\": 11, \"first_published_at\": null, \"url_path\": \"/home/museum/about-museum/\", \"expired\": false, \"slug\": \"about-museum\", \"expire_at\": null, \"go_live_at\": null}",
        "approved_go_live_at": null
    }
},
{
    "model": "wagtailcore.pagerevision",
    "pk": 31,
    "fields": {
        "page": 11,
        "submitted_for_moderation": false,
        "created_at": "2017-01-20T01:46:05.997Z",
        "user": [
            "admin1"
        ],
        "content_json": "{\"body\": \"<p>About The Museum<br/></p>\", \"locked\": false, \"title\": \"About The Museum\", \"numchild\": 0, \"show_in_menus\": true, \"live\": true, \"seo_title\": \"About The Museum\", \"search_description\": \"\", \"depth\": 4, \"latest_revision_created_at\": \"2017-01-20T01:45:40.615Z\", \"has_unpublished_changes\": false, \"content_type\": 43, \"path\": \"0001000100010001\", \"owner\": 1, \"pk\": 11, \"first_published_at\": \"2017-01-20T01:45:40.664Z\", \"url_path\": \"/home/museum/about-museum/\", \"expired\": false, \"slug\": \"about-museum\", \"expire_at\": null, \"go_live_at\": null}",
        "approved_go_live_at": null
    }
},
{
    "model": "wagtailcore.pagerevision",
    "pk": 32,
    "fields": {
        "page": 12,
        "submitted_for_moderation": false,
        "created_at": "2017-01-20T01:46:37.435Z",
        "user": [
            "admin1"
        ],
        "content_json": "{\"body\": \"<h1>Exhibition</h1>\", \"locked\": false, \"title\": \"Exhibition\", \"numchild\": 0, \"show_in_menus\": true, \"live\": true, \"seo_title\": \"Exhibition\", \"search_description\": \"\", \"depth\": 4, \"latest_revision_created_at\": null, \"has_unpublished_changes\": false, \"content_type\": 40, \"path\": \"0001000100010002\", \"owner\": 1, \"pk\": 12, \"first_published_at\": null, \"url_path\": \"/home/museum/exhibition/\", \"expired\": false, \"slug\": \"exhibition\", \"expire_at\": null, \"go_live_at\": null}",
        "approved_go_live_at": null
    }
},
{
    "model": "wagtailcore.pagerevision",
    "pk": 33,
    "fields": {
        "page": 4,
        "submitted_for_moderation": false,
        "created_at": "2017-01-20T01:50:34.804Z",
        "user": [
            "admin1"
        ],
        "content_json": "{\"body\": \"<p>About Page<br/></p>\", \"locked\": false, \"title\": \"About\", \"numchild\": 0, \"show_in_menus\": true, \"live\": true, \"seo_title\": \"About\", \"search_description\": \"\", \"depth\": 3, \"latest_revision_created_at\": \"2017-01-20T01:28:30.666Z\", \"has_unpublished_changes\": false, \"content_type\": 6, \"path\": \"000100010005\", \"owner\": 1, \"pk\": 4, \"first_published_at\": \"2017-01-20T00:49:41.132Z\", \"url_path\": \"/home/about/\", \"expired\": false, \"slug\": \"about\", \"expire_at\": null, \"go_live_at\": null}",
        "approved_go_live_at": null
    }
},
{
    "model": "wagtailcore.pagerevision",
    "pk": 34,
    "fields": {
        "page": 13,
        "submitted_for_moderation": false,
        "created_at": "2017-01-20T01:51:32.146Z",
        "user": [
            "admin1"
        ],
        "content_json": "{\"body\": \"<p>Xggr history<br/></p>\", \"locked\": false, \"title\": \"History Of XGGR\", \"numchild\": 0, \"show_in_menus\": true, \"live\": true, \"seo_title\": \"History Of XGGR\", \"search_description\": \"\", \"depth\": 4, \"latest_revision_created_at\": null, \"has_unpublished_changes\": false, \"content_type\": 33, \"path\": \"0001000100050001\", \"owner\": 1, \"pk\": 13, \"first_published_at\": null, \"url_path\": \"/home/about/history-xggr/\", \"expired\": false, \"slug\": \"history-xggr\", \"expire_at\": null, \"go_live_at\": null}",
        "approved_go_live_at": null
    }
},
{
    "model": "wagtailcore.pagerevision",
    "pk": 35,
    "fields": {
        "page": 14,
        "submitted_for_moderation": false,
        "created_at": "2017-01-20T01:55:03.723Z",
        "user": [
            "admin1"
        ],
        "content_json": "{\"body\": \"<p>Board Of Governers</p>\", \"locked\": false, \"title\": \"Board Of Governers\", \"numchild\": 0, \"show_in_menus\": true, \"live\": true, \"seo_title\": \"Board Of Governers\", \"search_description\": \"\", \"depth\": 4, \"latest_revision_created_at\": null, \"has_unpublished_changes\": false, \"content_type\": 44, \"path\": \"0001000100050002\", \"owner\": 1, \"pk\": 14, \"first_published_at\": null, \"url_path\": \"/home/about/board-governers/\", \"expired\": false, \"slug\": \"board-governers\", \"expire_at\": null, \"go_live_at\": null}",
        "approved_go_live_at": null
    }
},
{
    "model": "wagtailcore.pagerevision",
    "pk": 36,
    "fields": {
        "page": 15,
        "submitted_for_moderation": false,
        "created_at": "2017-01-20T01:55:56.242Z",
        "user": [
            "admin1"
        ],
        "content_json": "{\"body\": \"<p>Staff Directory</p>\", \"locked\": false, \"title\": \"Staff Directory\", \"numchild\": 0, \"show_in_menus\": true, \"live\": true, \"seo_title\": \"Staff Directory\", \"search_description\": \"\", \"depth\": 4, \"latest_revision_created_at\": null, \"has_unpublished_changes\": false, \"content_type\": 38, \"path\": \"0001000100050003\", \"owner\": 1, \"pk\": 15, \"first_published_at\": null, \"url_path\": \"/home/about/staff-directory/\", \"expired\": false, \"slug\": \"staff-directory\", \"expire_at\": null, \"go_live_at\": null}",
        "approved_go_live_at": null
    }
},
{
    "model": "wagtailcore.pagerevision",
    "pk": 37,
    "fields": {
        "page": 16,
        "submitted_for_moderation": false,
        "created_at": "2017-01-20T01:56:40.301Z",
        "user": [
            "admin1"
        ],
        "content_json": "{\"body\": \"<p>Book our Space</p>\", \"locked\": false, \"title\": \"Book our Space\", \"numchild\": 0, \"show_in_menus\": true, \"live\": true, \"seo_title\": \"Book our Space\", \"search_description\": \"\", \"depth\": 4, \"latest_revision_created_at\": null, \"has_unpublished_changes\": false, \"content_type\": 37, \"path\": \"0001000100050004\", \"owner\": 1, \"pk\": 16, \"first_published_at\": null, \"url_path\": \"/home/about/book-our-space/\", \"expired\": false, \"slug\": \"book-our-space\", \"expire_at\": null, \"go_live_at\": null}",
        "approved_go_live_at": null
    }
},
{
    "model": "wagtailcore.pagerevision",
    "pk": 38,
    "fields": {
        "page": 17,
        "submitted_for_moderation": false,
        "created_at": "2017-01-20T01:57:11.389Z",
        "user": [
            "admin1"
        ],
        "content_json": "{\"body\": \"<p>Visit Us</p>\", \"locked\": false, \"title\": \"Visit Us\", \"numchild\": 0, \"show_in_menus\": true, \"live\": true, \"seo_title\": \"Visit Us\", \"search_description\": \"\", \"depth\": 4, \"latest_revision_created_at\": null, \"has_unpublished_changes\": false, \"content_type\": 41, \"path\": \"0001000100050005\", \"owner\": 1, \"pk\": 17, \"first_published_at\": null, \"url_path\": \"/home/about/visit-us/\", \"expired\": false, \"slug\": \"visit-us\", \"expire_at\": null, \"go_live_at\": null}",
        "approved_go_live_at": null
    }
},
{
    "model": "wagtailcore.pagerevision",
    "pk": 39,
    "fields": {
        "page": 18,
        "submitted_for_moderation": false,
        "created_at": "2017-01-20T02:00:26.502Z",
        "user": [
            "admin1"
        ],
        "content_json": "{\"body\": \"<p>Book Donations</p>\", \"locked\": false, \"title\": \"Book Donations\", \"numchild\": 0, \"show_in_menus\": true, \"live\": true, \"seo_title\": \"Book Donations\", \"search_description\": \"\", \"depth\": 4, \"latest_revision_created_at\": null, \"has_unpublished_changes\": false, \"content_type\": 34, \"path\": \"0001000100040001\", \"owner\": 1, \"pk\": 18, \"first_published_at\": null, \"url_path\": \"/home/support/book-donations/\", \"expired\": false, \"slug\": \"book-donations\", \"expire_at\": null, \"go_live_at\": null}",
        "approved_go_live_at": null
    }
},
{
    "model": "wagtailcore.pagerevision",
    "pk": 40,
    "fields": {
        "page": 19,
        "submitted_for_moderation": false,
        "created_at": "2017-01-20T02:00:56.012Z",
        "user": [
            "admin1"
        ],
        "content_json": "{\"body\": \"<h1>Planned Giving</h1>\", \"locked\": false, \"title\": \"Planned Giving\", \"numchild\": 0, \"show_in_menus\": false, \"live\": true, \"seo_title\": \"\", \"search_description\": \"\", \"depth\": 4, \"latest_revision_created_at\": null, \"has_unpublished_changes\": false, \"content_type\": 36, \"path\": \"0001000100040002\", \"owner\": 1, \"pk\": 19, \"first_published_at\": null, \"url_path\": \"/home/support/planned-giving/\", \"expired\": false, \"slug\": \"planned-giving\", \"expire_at\": null, \"go_live_at\": null}",
        "approved_go_live_at": null
    }
},
{
    "model": "wagtailcore.pagerevision",
    "pk": 41,
    "fields": {
        "page": 20,
        "submitted_for_moderation": false,
        "created_at": "2017-01-20T02:01:35.347Z",
        "user": [
            "admin1"
        ],
        "content_json": "{\"body\": \"<p>Youth Training</p>\", \"locked\": false, \"title\": \"Youth Training\", \"numchild\": 0, \"show_in_menus\": true, \"live\": true, \"seo_title\": \"Youth Training\", \"search_description\": \"\", \"depth\": 4, \"latest_revision_created_at\": null, \"has_unpublished_changes\": false, \"content_type\": 42, \"path\": \"0001000100040003\", \"owner\": 1, \"pk\": 20, \"first_published_at\": null, \"url_path\": \"/home/support/youth-training/\", \"expired\": false, \"slug\": \"youth-training\", \"expire_at\": null, \"go_live_at\": null}",
        "approved_go_live_at": null
    }
},
{
    "model": "wagtailcore.pagerevision",
    "pk": 42,
    "fields": {
        "page": 3,
        "submitted_for_moderation": false,
        "created_at": "2017-01-20T10:12:08.912Z",
        "user": [
            "admin1"
        ],
        "content_json": "{\"carousel_items\": [{\"link_page\": 4, \"embed_url\": \"\", \"description\": \"Find out why The Reading Room is a much loved community space here in Dili\", \"image\": 5, \"link_external\": \"\", \"caption\": \"The Xanana Gusmao Reading Room\", \"sort_order\": 0, \"link_document\": null, \"pk\": null, \"button_link\": \"Learn About Us\", \"page\": 3}, {\"link_page\": null, \"embed_url\": \"\", \"description\": \"\", \"image\": null, \"link_external\": \"\", \"caption\": \"\", \"sort_order\": 1, \"link_document\": null, \"pk\": null, \"button_link\": \"\", \"page\": 3}], \"search_description\": \"\", \"owner\": null, \"latest_revision_created_at\": null, \"go_live_at\": null, \"title\": \"Homepage\", \"seo_title\": \"\", \"slug\": \"home\", \"live\": true, \"has_unpublished_changes\": false, \"body\": \"\", \"numchild\": 5, \"content_type\": 2, \"show_in_menus\": false, \"path\": \"00010001\", \"url_path\": \"/home/\", \"expired\": false, \"pk\": 3, \"locked\": false, \"depth\": 2, \"first_published_at\": null, \"expire_at\": null}",
        "approved_go_live_at": null
    }
},
{
    "model": "wagtailcore.pagerevision",
    "pk": 43,
    "fields": {
        "page": 3,
        "submitted_for_moderation": false,
        "created_at": "2017-01-20T10:30:24.507Z",
        "user": [
            "admin1"
        ],
        "content_json": "{\"carousel_items\": [{\"link_page\": 4, \"embed_url\": \"\", \"description\": \"Find out why The Reading Room is a much loved community space here in Dili\", \"image\": 5, \"link_external\": \"\", \"caption\": \"The Xanana Gusmao Reading Room\", \"sort_order\": 0, \"link_document\": null, \"pk\": 1, \"button_link\": \"Learn About Us\", \"page\": 3}, {\"link_page\": null, \"embed_url\": \"\", \"description\": \"\", \"image\": null, \"link_external\": \"\", \"caption\": \"\", \"sort_order\": 1, \"link_document\": null, \"pk\": 2, \"button_link\": \"\", \"page\": 3}], \"search_description\": \"\", \"owner\": null, \"latest_revision_created_at\": \"2017-01-20T10:12:08.912Z\", \"go_live_at\": null, \"title\": \"Home\", \"seo_title\": \"Home\", \"slug\": \"home\", \"live\": true, \"has_unpublished_changes\": false, \"body\": \"\", \"numchild\": 5, \"content_type\": 2, \"show_in_menus\": true, \"path\": \"00010001\", \"url_path\": \"/home/\", \"expired\": false, \"pk\": 3, \"locked\": false, \"depth\": 2, \"first_published_at\": \"2017-01-20T10:12:08.967Z\", \"expire_at\": null}",
        "approved_go_live_at": null
    }
},
{
    "model": "wagtailcore.pagerevision",
    "pk": 44,
    "fields": {
        "page": 21,
        "submitted_for_moderation": false,
        "created_at": "2017-01-21T15:23:09.196Z",
        "user": [
            "admin1"
        ],
        "content_json": "{\"search_description\": \"\", \"owner\": 1, \"intro\": \"\", \"latest_revision_created_at\": null, \"go_live_at\": null, \"related_links\": [], \"title\": \"Blog Index\", \"seo_title\": \"\", \"slug\": \"blog-index\", \"live\": true, \"has_unpublished_changes\": false, \"numchild\": 0, \"content_type\": 72, \"show_in_menus\": false, \"path\": \"000100010007\", \"url_path\": \"/home/blog-index/\", \"expired\": false, \"pk\": 21, \"locked\": false, \"depth\": 3, \"first_published_at\": null, \"expire_at\": null}",
        "approved_go_live_at": null
    }
},
{
    "model": "wagtailcore.pagerevision",
    "pk": 45,
    "fields": {
        "page": 22,
        "submitted_for_moderation": false,
        "created_at": "2017-01-21T15:26:02.252Z",
        "user": [
            "admin1"
        ],
        "content_json": "{\"search_description\": \"\", \"owner\": 1, \"intro\": \"\", \"latest_revision_created_at\": null, \"go_live_at\": null, \"related_links\": [], \"title\": \"Events  Index\", \"seo_title\": \"\", \"slug\": \"events-index\", \"live\": true, \"has_unpublished_changes\": false, \"numchild\": 0, \"content_type\": 73, \"show_in_menus\": false, \"path\": \"000100010008\", \"url_path\": \"/home/events-index/\", \"expired\": false, \"pk\": 22, \"locked\": false, \"depth\": 3, \"first_published_at\": null, \"expire_at\": null}",
        "approved_go_live_at": null
    }
},
{
    "model": "wagtailcore.page",
    "pk": 1,
    "fields": {
        "path": "0001",
        "depth": 1,
        "numchild": 1,
        "title": "Root",
        "slug": "root",
        "content_type": [
            "wagtailcore",
            "page"
        ],
        "live": true,
        "has_unpublished_changes": false,
        "url_path": "/",
        "owner": null,
        "seo_title": "",
        "show_in_menus": false,
        "search_description": "",
        "go_live_at": null,
        "expire_at": null,
        "expired": false,
        "locked": false,
        "first_published_at": null,
        "latest_revision_created_at": null
    }
},
{
    "model": "wagtailcore.page",
    "pk": 3,
    "fields": {
        "path": "00010001",
        "depth": 2,
        "numchild": 7,
        "title": "Home",
        "slug": "home",
        "content_type": [
            "home",
            "homepage"
        ],
        "live": true,
        "has_unpublished_changes": false,
        "url_path": "/home/",
        "owner": null,
        "seo_title": "Home",
        "show_in_menus": true,
        "search_description": "",
        "go_live_at": null,
        "expire_at": null,
        "expired": false,
        "locked": false,
        "first_published_at": "2017-01-20T10:12:08.967Z",
        "latest_revision_created_at": "2017-01-20T10:30:24.507Z"
    }
},
{
    "model": "wagtailcore.page",
    "pk": 4,
    "fields": {
        "path": "000100010004",
        "depth": 3,
        "numchild": 5,
        "title": "About",
        "slug": "about",
        "content_type": [
            "home",
            "aboutpage"
        ],
        "live": true,
        "has_unpublished_changes": false,
        "url_path": "/home/about/",
        "owner": [
            "admin1"
        ],
        "seo_title": "About",
        "show_in_menus": true,
        "search_description": "",
        "go_live_at": null,
        "expire_at": null,
        "expired": false,
        "locked": false,
        "first_published_at": "2017-01-20T00:49:41.132Z",
        "latest_revision_created_at": "2017-01-20T01:50:34.804Z"
    }
},
{
    "model": "wagtailcore.page",
    "pk": 5,
    "fields": {
        "path": "000100010006",
        "depth": 3,
        "numchild": 0,
        "title": "Contact Us",
        "slug": "contact",
        "content_type": [
            "home",
            "contactuspage"
        ],
        "live": true,
        "has_unpublished_changes": false,
        "url_path": "/home/contact/",
        "owner": [
            "admin1"
        ],
        "seo_title": "",
        "show_in_menus": true,
        "search_description": "",
        "go_live_at": null,
        "expire_at": null,
        "expired": false,
        "locked": false,
        "first_published_at": "2017-01-20T00:49:32.443Z",
        "latest_revision_created_at": "2017-01-20T01:07:25.937Z"
    }
},
{
    "model": "wagtailcore.page",
    "pk": 6,
    "fields": {
        "path": "000100010001",
        "depth": 3,
        "numchild": 2,
        "title": "Library",
        "slug": "library",
        "content_type": [
            "home",
            "librarypage"
        ],
        "live": true,
        "has_unpublished_changes": false,
        "url_path": "/home/library/",
        "owner": [
            "admin1"
        ],
        "seo_title": "",
        "show_in_menus": true,
        "search_description": "",
        "go_live_at": null,
        "expire_at": null,
        "expired": false,
        "locked": false,
        "first_published_at": "2017-01-20T00:47:46.729Z",
        "latest_revision_created_at": "2017-01-20T01:28:56.381Z"
    }
},
{
    "model": "wagtailcore.page",
    "pk": 7,
    "fields": {
        "path": "000100010002",
        "depth": 3,
        "numchild": 2,
        "title": "Museum",
        "slug": "museum",
        "content_type": [
            "home",
            "museumpage"
        ],
        "live": true,
        "has_unpublished_changes": false,
        "url_path": "/home/museum/",
        "owner": [
            "admin1"
        ],
        "seo_title": "",
        "show_in_menus": true,
        "search_description": "",
        "go_live_at": null,
        "expire_at": null,
        "expired": false,
        "locked": false,
        "first_published_at": "2017-01-20T00:49:22.573Z",
        "latest_revision_created_at": "2017-01-20T01:28:44.396Z"
    }
},
{
    "model": "wagtailcore.page",
    "pk": 8,
    "fields": {
        "path": "000100010005",
        "depth": 3,
        "numchild": 3,
        "title": "Support",
        "slug": "support",
        "content_type": [
            "home",
            "supportpage"
        ],
        "live": true,
        "has_unpublished_changes": false,
        "url_path": "/home/support/",
        "owner": [
            "admin1"
        ],
        "seo_title": "",
        "show_in_menus": true,
        "search_description": "",
        "go_live_at": null,
        "expire_at": null,
        "expired": false,
        "locked": false,
        "first_published_at": "2017-01-20T00:49:13.241Z",
        "latest_revision_created_at": "2017-01-20T01:28:16.004Z"
    }
},
{
    "model": "wagtailcore.page",
    "pk": 9,
    "fields": {
        "path": "0001000100010001",
        "depth": 4,
        "numchild": 0,
        "title": "About The Library",
        "slug": "about-library",
        "content_type": [
            "home",
            "aboutlibrarypage"
        ],
        "live": true,
        "has_unpublished_changes": false,
        "url_path": "/home/library/about-library/",
        "owner": [
            "admin1"
        ],
        "seo_title": "About The Library",
        "show_in_menus": true,
        "search_description": "",
        "go_live_at": null,
        "expire_at": null,
        "expired": false,
        "locked": false,
        "first_published_at": "2017-01-20T01:39:49.283Z",
        "latest_revision_created_at": "2017-01-20T01:39:49.260Z"
    }
},
{
    "model": "wagtailcore.page",
    "pk": 10,
    "fields": {
        "path": "0001000100010002",
        "depth": 4,
        "numchild": 0,
        "title": "Events",
        "slug": "events",
        "content_type": [
            "home",
            "eventspage"
        ],
        "live": true,
        "has_unpublished_changes": false,
        "url_path": "/home/library/events/",
        "owner": [
            "admin1"
        ],
        "seo_title": "Events",
        "show_in_menus": true,
        "search_description": "",
        "go_live_at": null,
        "expire_at": null,
        "expired": false,
        "locked": false,
        "first_published_at": "2017-01-20T01:43:24.631Z",
        "latest_revision_created_at": "2017-01-20T01:43:24.503Z"
    }
},
{
    "model": "wagtailcore.page",
    "pk": 11,
    "fields": {
        "path": "0001000100020001",
        "depth": 4,
        "numchild": 0,
        "title": "About The Museum",
        "slug": "about-museum",
        "content_type": [
            "home",
            "aboutmuseumpage"
        ],
        "live": true,
        "has_unpublished_changes": false,
        "url_path": "/home/museum/about-museum/",
        "owner": [
            "admin1"
        ],
        "seo_title": "About The Museum",
        "show_in_menus": true,
        "search_description": "",
        "go_live_at": null,
        "expire_at": null,
        "expired": false,
        "locked": false,
        "first_published_at": "2017-01-20T01:45:40.664Z",
        "latest_revision_created_at": "2017-01-20T01:46:05.997Z"
    }
},
{
    "model": "wagtailcore.page",
    "pk": 12,
    "fields": {
        "path": "0001000100020002",
        "depth": 4,
        "numchild": 0,
        "title": "Exhibition",
        "slug": "exhibition",
        "content_type": [
            "home",
            "exhibitionpage"
        ],
        "live": true,
        "has_unpublished_changes": false,
        "url_path": "/home/museum/exhibition/",
        "owner": [
            "admin1"
        ],
        "seo_title": "Exhibition",
        "show_in_menus": true,
        "search_description": "",
        "go_live_at": null,
        "expire_at": null,
        "expired": false,
        "locked": false,
        "first_published_at": "2017-01-20T01:46:37.459Z",
        "latest_revision_created_at": "2017-01-20T01:46:37.435Z"
    }
},
{
    "model": "wagtailcore.page",
    "pk": 13,
    "fields": {
        "path": "0001000100040001",
        "depth": 4,
        "numchild": 0,
        "title": "History Of XGGR",
        "slug": "history-xggr",
        "content_type": [
            "home",
            "xggrhistory"
        ],
        "live": true,
        "has_unpublished_changes": false,
        "url_path": "/home/about/history-xggr/",
        "owner": [
            "admin1"
        ],
        "seo_title": "History Of XGGR",
        "show_in_menus": true,
        "search_description": "",
        "go_live_at": null,
        "expire_at": null,
        "expired": false,
        "locked": false,
        "first_published_at": "2017-01-20T01:51:32.168Z",
        "latest_revision_created_at": "2017-01-20T01:51:32.146Z"
    }
},
{
    "model": "wagtailcore.page",
    "pk": 14,
    "fields": {
        "path": "0001000100040002",
        "depth": 4,
        "numchild": 0,
        "title": "Board Of Governers",
        "slug": "board-governers",
        "content_type": [
            "home",
            "boardofgoverners"
        ],
        "live": true,
        "has_unpublished_changes": false,
        "url_path": "/home/about/board-governers/",
        "owner": [
            "admin1"
        ],
        "seo_title": "Board Of Governers",
        "show_in_menus": true,
        "search_description": "",
        "go_live_at": null,
        "expire_at": null,
        "expired": false,
        "locked": false,
        "first_published_at": "2017-01-20T01:55:03.747Z",
        "latest_revision_created_at": "2017-01-20T01:55:03.723Z"
    }
},
{
    "model": "wagtailcore.page",
    "pk": 15,
    "fields": {
        "path": "0001000100040003",
        "depth": 4,
        "numchild": 0,
        "title": "Staff Directory",
        "slug": "staff-directory",
        "content_type": [
            "home",
            "staffdirectory"
        ],
        "live": true,
        "has_unpublished_changes": false,
        "url_path": "/home/about/staff-directory/",
        "owner": [
            "admin1"
        ],
        "seo_title": "Staff Directory",
        "show_in_menus": true,
        "search_description": "",
        "go_live_at": null,
        "expire_at": null,
        "expired": false,
        "locked": false,
        "first_published_at": "2017-01-20T01:55:56.361Z",
        "latest_revision_created_at": "2017-01-20T01:55:56.242Z"
    }
},
{
    "model": "wagtailcore.page",
    "pk": 16,
    "fields": {
        "path": "0001000100040004",
        "depth": 4,
        "numchild": 0,
        "title": "Book our Space",
        "slug": "book-our-space",
        "content_type": [
            "home",
            "bookspace"
        ],
        "live": true,
        "has_unpublished_changes": false,
        "url_path": "/home/about/book-our-space/",
        "owner": [
            "admin1"
        ],
        "seo_title": "Book our Space",
        "show_in_menus": true,
        "search_description": "",
        "go_live_at": null,
        "expire_at": null,
        "expired": false,
        "locked": false,
        "first_published_at": "2017-01-20T01:56:40.324Z",
        "latest_revision_created_at": "2017-01-20T01:56:40.301Z"
    }
},
{
    "model": "wagtailcore.page",
    "pk": 17,
    "fields": {
        "path": "0001000100040005",
        "depth": 4,
        "numchild": 0,
        "title": "Visit Us",
        "slug": "visit-us",
        "content_type": [
            "home",
            "visitus"
        ],
        "live": true,
        "has_unpublished_changes": false,
        "url_path": "/home/about/visit-us/",
        "owner": [
            "admin1"
        ],
        "seo_title": "Visit Us",
        "show_in_menus": true,
        "search_description": "",
        "go_live_at": null,
        "expire_at": null,
        "expired": false,
        "locked": false,
        "first_published_at": "2017-01-20T01:57:11.413Z",
        "latest_revision_created_at": "2017-01-20T01:57:11.389Z"
    }
},
{
    "model": "wagtailcore.page",
    "pk": 18,
    "fields": {
        "path": "0001000100050001",
        "depth": 4,
        "numchild": 0,
        "title": "Book Donations",
        "slug": "book-donations",
        "content_type": [
            "home",
            "bookdonations"
        ],
        "live": true,
        "has_unpublished_changes": false,
        "url_path": "/home/support/book-donations/",
        "owner": [
            "admin1"
        ],
        "seo_title": "Book Donations",
        "show_in_menus": true,
        "search_description": "",
        "go_live_at": null,
        "expire_at": null,
        "expired": false,
        "locked": false,
        "first_published_at": "2017-01-20T02:00:26.525Z",
        "latest_revision_created_at": "2017-01-20T02:00:26.502Z"
    }
},
{
    "model": "wagtailcore.page",
    "pk": 19,
    "fields": {
        "path": "0001000100050002",
        "depth": 4,
        "numchild": 0,
        "title": "Planned Giving",
        "slug": "planned-giving",
        "content_type": [
            "home",
            "plannedgiving"
        ],
        "live": true,
        "has_unpublished_changes": false,
        "url_path": "/home/support/planned-giving/",
        "owner": [
            "admin1"
        ],
        "seo_title": "",
        "show_in_menus": false,
        "search_description": "",
        "go_live_at": null,
        "expire_at": null,
        "expired": false,
        "locked": false,
        "first_published_at": "2017-01-20T02:00:56.037Z",
        "latest_revision_created_at": "2017-01-20T02:00:56.012Z"
    }
},
{
    "model": "wagtailcore.page",
    "pk": 20,
    "fields": {
        "path": "0001000100050003",
        "depth": 4,
        "numchild": 0,
        "title": "Youth Training",
        "slug": "youth-training",
        "content_type": [
            "home",
            "youthtraining"
        ],
        "live": true,
        "has_unpublished_changes": false,
        "url_path": "/home/support/youth-training/",
        "owner": [
            "admin1"
        ],
        "seo_title": "Youth Training",
        "show_in_menus": true,
        "search_description": "",
        "go_live_at": null,
        "expire_at": null,
        "expired": false,
        "locked": false,
        "first_published_at": "2017-01-20T02:01:35.369Z",
        "latest_revision_created_at": "2017-01-20T02:01:35.347Z"
    }
},
{
    "model": "wagtailcore.page",
    "pk": 21,
    "fields": {
        "path": "000100010007",
        "depth": 3,
        "numchild": 0,
        "title": "Blog Index",
        "slug": "blog-index",
        "content_type": [
            "home",
            "blogindexpage"
        ],
        "live": true,
        "has_unpublished_changes": false,
        "url_path": "/home/blog-index/",
        "owner": [
            "admin1"
        ],
        "seo_title": "",
        "show_in_menus": false,
        "search_description": "",
        "go_live_at": null,
        "expire_at": null,
        "expired": false,
        "locked": false,
        "first_published_at": "2017-01-21T15:23:09.752Z",
        "latest_revision_created_at": "2017-01-21T15:23:09.196Z"
    }
},
{
    "model": "wagtailcore.page",
    "pk": 22,
    "fields": {
        "path": "000100010008",
        "depth": 3,
        "numchild": 0,
        "title": "Events  Index",
        "slug": "events-index",
        "content_type": [
            "home",
            "eventindexpage"
        ],
        "live": true,
        "has_unpublished_changes": false,
        "url_path": "/home/events-index/",
        "owner": [
            "admin1"
        ],
        "seo_title": "",
        "show_in_menus": false,
        "search_description": "",
        "go_live_at": null,
        "expire_at": null,
        "expired": false,
        "locked": false,
        "first_published_at": "2017-01-21T15:26:02.275Z",
        "latest_revision_created_at": "2017-01-21T15:26:02.252Z"
    }
},
{
    "model": "wagtailimages.image",
    "pk": 1,
    "fields": {
        "collection": 1,
        "title": "umamahon.png",
        "file": "original_images/umamahon.png",
        "width": 157,
        "height": 382,
        "created_at": "2017-01-20T03:02:35.691Z",
        "uploaded_by_user": [
            "admin1"
        ],
        "focal_point_x": null,
        "focal_point_y": null,
        "focal_point_width": null,
        "focal_point_height": null,
        "file_size": 6851
    }
},
{
    "model": "wagtailimages.image",
    "pk": 2,
    "fields": {
        "collection": 1,
        "title": "biblioteca.jpg",
        "file": "original_images/biblioteca.jpg",
        "width": 1422,
        "height": 800,
        "created_at": "2017-01-20T03:02:36.776Z",
        "uploaded_by_user": [
            "admin1"
        ],
        "focal_point_x": null,
        "focal_point_y": null,
        "focal_point_width": null,
        "focal_point_height": null,
        "file_size": 1427800
    }
},
{
    "model": "wagtailimages.image",
    "pk": 3,
    "fields": {
        "collection": 1,
        "title": "changed_nation.jpg",
        "file": "original_images/changed_nation.jpg",
        "width": 533,
        "height": 400,
        "created_at": "2017-01-20T03:02:36.840Z",
        "uploaded_by_user": [
            "admin1"
        ],
        "focal_point_x": null,
        "focal_point_y": null,
        "focal_point_width": null,
        "focal_point_height": null,
        "file_size": 42247
    }
},
{
    "model": "wagtailimages.image",
    "pk": 4,
    "fields": {
        "collection": 1,
        "title": "dynamic_spaces.jpg",
        "file": "original_images/dynamic_spaces.jpg",
        "width": 720,
        "height": 720,
        "created_at": "2017-01-20T03:02:36.911Z",
        "uploaded_by_user": [
            "admin1"
        ],
        "focal_point_x": null,
        "focal_point_y": null,
        "focal_point_width": null,
        "focal_point_height": null,
        "file_size": 86844
    }
},
{
    "model": "wagtailimages.image",
    "pk": 5,
    "fields": {
        "collection": 1,
        "title": "entrada.jpg",
        "file": "original_images/entrada.jpg",
        "width": 1200,
        "height": 800,
        "created_at": "2017-01-20T03:02:36.991Z",
        "uploaded_by_user": [
            "admin1"
        ],
        "focal_point_x": null,
        "focal_point_y": null,
        "focal_point_width": null,
        "focal_point_height": null,
        "file_size": 933240
    }
},
{
    "model": "wagtailimages.image",
    "pk": 6,
    "fields": {
        "collection": 1,
        "title": "estantes_com_livros.jpg",
        "file": "original_images/estantes_com_livros.jpg",
        "width": 1422,
        "height": 800,
        "created_at": "2017-01-20T03:02:37.138Z",
        "uploaded_by_user": [
            "admin1"
        ],
        "focal_point_x": null,
        "focal_point_y": null,
        "focal_point_width": null,
        "focal_point_height": null,
        "file_size": 986573
    }
},
{
    "model": "wagtailimages.image",
    "pk": 7,
    "fields": {
        "collection": 1,
        "title": "inside_the_library.jpg",
        "file": "original_images/inside_the_library.jpg",
        "width": 1200,
        "height": 800,
        "created_at": "2017-01-20T03:02:37.283Z",
        "uploaded_by_user": [
            "admin1"
        ],
        "focal_point_x": null,
        "focal_point_y": null,
        "focal_point_width": null,
        "focal_point_height": null,
        "file_size": 1115098
    }
},
{
    "model": "wagtailimages.image",
    "pk": 8,
    "fields": {
        "collection": 1,
        "title": "janela_oval_vista_de_canto.jpg",
        "file": "original_images/janela_oval_vista_de_canto.jpg",
        "width": 1200,
        "height": 800,
        "created_at": "2017-01-20T03:02:37.363Z",
        "uploaded_by_user": [
            "admin1"
        ],
        "focal_point_x": null,
        "focal_point_y": null,
        "focal_point_width": null,
        "focal_point_height": null,
        "file_size": 788752
    }
},
{
    "model": "wagtailimages.image",
    "pk": 9,
    "fields": {
        "collection": 1,
        "title": "learn_more.png",
        "file": "original_images/learn_more.png",
        "width": 20,
        "height": 20,
        "created_at": "2017-01-20T03:02:37.428Z",
        "uploaded_by_user": [
            "admin1"
        ],
        "focal_point_x": null,
        "focal_point_y": null,
        "focal_point_width": null,
        "focal_point_height": null,
        "file_size": 349
    }
},
{
    "model": "wagtailimages.image",
    "pk": 10,
    "fields": {
        "collection": 1,
        "title": "national_youth_day.jpg",
        "file": "original_images/national_youth_day.jpg",
        "width": 569,
        "height": 400,
        "created_at": "2017-01-20T03:02:37.490Z",
        "uploaded_by_user": [
            "admin1"
        ],
        "focal_point_x": null,
        "focal_point_y": null,
        "focal_point_width": null,
        "focal_point_height": null,
        "file_size": 44437
    }
},
{
    "model": "wagtailimages.image",
    "pk": 11,
    "fields": {
        "collection": 1,
        "title": "reading_room_square.jpg",
        "file": "original_images/reading_room_square.jpg",
        "width": 2446,
        "height": 2446,
        "created_at": "2017-01-20T03:02:37.596Z",
        "uploaded_by_user": [
            "admin1"
        ],
        "focal_point_x": null,
        "focal_point_y": null,
        "focal_point_width": null,
        "focal_point_height": null,
        "file_size": 641459
    }
},
{
    "model": "wagtailimages.image",
    "pk": 12,
    "fields": {
        "collection": 1,
        "title": "reading_room.jpg",
        "file": "original_images/reading_room.jpg",
        "width": 2568,
        "height": 2446,
        "created_at": "2017-01-20T03:02:37.692Z",
        "uploaded_by_user": [
            "admin1"
        ],
        "focal_point_x": null,
        "focal_point_y": null,
        "focal_point_width": null,
        "focal_point_height": null,
        "file_size": 661724
    }
},
{
    "model": "wagtailimages.image",
    "pk": 13,
    "fields": {
        "collection": 1,
        "title": "smaller-xgrr-logo.png",
        "file": "original_images/smaller-xgrr-logo.png",
        "width": 36,
        "height": 60,
        "created_at": "2017-01-20T03:02:37.758Z",
        "uploaded_by_user": [
            "admin1"
        ],
        "focal_point_x": null,
        "focal_point_y": null,
        "focal_point_width": null,
        "focal_point_height": null,
        "file_size": 2583
    }
},
{
    "model": "wagtailimages.image",
    "pk": 17,
    "fields": {
        "collection": 1,
        "title": "xgrr_history.jpg",
        "file": "original_images/xgrr_history.jpg",
        "width": 800,
        "height": 800,
        "created_at": "2017-01-20T03:02:38.000Z",
        "uploaded_by_user": [
            "admin1"
        ],
        "focal_point_x": null,
        "focal_point_y": null,
        "focal_point_width": null,
        "focal_point_height": null,
        "file_size": 117331
    }
},
{
    "model": "wagtailimages.image",
    "pk": 18,
    "fields": {
        "collection": 1,
        "title": "xgrr_training.jpg",
        "file": "original_images/xgrr_training.jpg",
        "width": 720,
        "height": 720,
        "created_at": "2017-01-20T03:02:38.059Z",
        "uploaded_by_user": [
            "admin1"
        ],
        "focal_point_x": null,
        "focal_point_y": null,
        "focal_point_width": null,
        "focal_point_height": null,
        "file_size": 102043
    }
},
{
    "model": "wagtailimages.image",
    "pk": 20,
    "fields": {
        "collection": 1,
        "title": "youth_empowerment.png",
        "file": "original_images/youth_empowerment.png",
        "width": 533,
        "height": 300,
        "created_at": "2017-01-20T03:02:38.179Z",
        "uploaded_by_user": [
            "admin1"
        ],
        "focal_point_x": null,
        "focal_point_y": null,
        "focal_point_width": null,
        "focal_point_height": null,
        "file_size": 332727
    }
},
{
    "model": "wagtailusers.userprofile",
    "pk": 1,
    "fields": {
        "user": [
            "admin1"
        ],
        "submitted_notifications": true,
        "approved_notifications": true,
        "rejected_notifications": true
    }
},
{
    "model": "home.eventindexpage",
    "pk": 22,
    "fields": {
        "intro": ""
    }
},
{
    "model": "home.blogindexpage",
    "pk": 21,
    "fields": {
        "intro": ""
    }
},
{
    "model": "home.supportpage",
    "pk": 8,
    "fields": {
        "intro": "",
        "body": "<p>Support Page</p>"
    }
},
{
    "model": "home.contactuspage",
    "pk": 5,
    "fields": {
        "intro": "",
        "body": "<p>Contact Us<br/></p>"
    }
},
{
    "model": "home.librarypage",
    "pk": 6,
    "fields": {
        "intro": "",
        "body": "<p>Library Page<br/></p>"
    }
},
{
    "model": "home.youthtraining",
    "pk": 20,
    "fields": {
        "intro": "",
        "body": "<p>Youth Training</p>"
    }
},
{
    "model": "home.plannedgiving",
    "pk": 19,
    "fields": {
        "intro": "",
        "body": "<h1>Planned Giving</h1>"
    }
},
{
    "model": "home.bookdonations",
    "pk": 18,
    "fields": {
        "intro": "",
        "body": "<p>Book Donations</p>"
    }
},
{
    "model": "home.visitus",
    "pk": 17,
    "fields": {
        "intro": "",
        "body": "<p>Visit Us</p>"
    }
},
{
    "model": "home.bookspace",
    "pk": 16,
    "fields": {
        "intro": "",
        "body": "<p>Book our Space</p>"
    }
},
{
    "model": "home.staffdirectory",
    "pk": 15,
    "fields": {
        "intro": "",
        "body": "<p>Staff Directory</p>"
    }
},
{
    "model": "home.boardofgoverners",
    "pk": 14,
    "fields": {
        "intro": "",
        "body": "<p>Board Of Governers</p>"
    }
},
{
    "model": "home.xggrhistory",
    "pk": 13,
    "fields": {
        "intro": "",
        "body": "<p>Xggr history<br/></p>"
    }
},
{
    "model": "home.aboutpage",
    "pk": 4,
    "fields": {
        "intro": "",
        "body": "<p>About Page<br/></p>"
    }
},
{
    "model": "home.eventspage",
    "pk": 10,
    "fields": {
        "intro": "",
        "body": "<p>Events</p>"
    }
},
{
    "model": "home.aboutlibrarypage",
    "pk": 9,
    "fields": {
        "intro": "",
        "body": "<p>Library</p>"
    }
},
{
    "model": "home.exhibitionpage",
    "pk": 12,
    "fields": {
        "intro": "",
        "body": "<h1>Exhibition</h1>"
    }
},
{
    "model": "home.aboutmuseumpage",
    "pk": 11,
    "fields": {
        "body": "<p>About The Museum<br/></p>",
        "intro": ""
    }
},
{
    "model": "home.museumpage",
    "pk": 7,
    "fields": {
        "body": "<p>Museum Page<br/></p>",
        "intro": ""
    }
},
{
    "model": "home.homepage",
    "pk": 3,
    "fields": {
        "intro": "",
        "body": ""
    }
}
]
